1,jgantlett0@example.com,147-531-7396,47 Gina Circle,,Major Pharmaceuticals
2,sleeds1@baidu.com,235-114-9397,,,Hospital/Nursing Management
3,akennicott2@bing.com,691-657-2036,2124 Havey Point,,Savings Institutions
4,,,,,n/a
5,,,583 Dryden Point,,Forest Products
6,adunsire5@intel.com,554-180-6368,0 Anniversary Pass,,Marine Transportation
7,mharcus6@about.com,830-940-9305,4979 Muir Drive,,n/a
8,mleeds7@odnoklassniki.ru,366-137-4076,,,Paper
9,nflanaghan8@earthlink.net,377-910-7684,104 Rusk Plaza,$68635449.09,n/a
10,sawcock9@parallels.com,388-282-0477,5213 Brentwood Drive,,Mining & Quarrying of Nonmetallic Minerals (No Fuels)
11,cjerrima@techcrunch.com,971-790-0605,,,Property-Casualty Insurers
12,ptrubshaweb@freewebs.com,885-842-0908,34 Hooker Pass,,Business Services
13,cspindlerc@msu.edu,452-848-7140,4 Jackson Street,$49277841.25,Major Chemicals
14,ddaoused@cnet.com,902-347-2773,,,n/a
15,astriblinge@amazon.com,519-242-5370,,,Major Pharmaceuticals
16,,,,,n/a
17,,,89 Pearson Court,,n/a
18,hsellwoodh@unesco.org,364-899-0943,,,Precious Metals
19,areithi@amazon.de,285-493-8796,1 Ohio Road,,n/a
20,,,043 Havey Street,,n/a
21,mbedwardk@i2i.jp,792-896-8182,,,Television Services
22,gboatwrightl@exblog.jp,522-513-8367,,,Major Pharmaceuticals
23,mdudekm@mlb.com,942-503-4852,,$63835130.74,Biotechnology: Commercial Physical & Biological Resarch
24,tpaddien@kickstarter.com,619-141-1334,7 Fremont Park,,Marine Transportation
25,dedlero@joomla.org,889-769-0467,7 Mariners Cove Crossing,,Consumer Specialties
26,nkasselp@sourceforge.net,853-908-3958,,,Specialty Insurers
27,cmatussonq@wp.com,182-362-0066,,$74699003.74,Telecommunications Equipment
28,mbullerwellr@icq.com,989-609-2619,1 Canary Park,,n/a
29,,,7309 Lakewood Gardens Road,,EDP Services
30,slampt@wufoo.com,637-732-5350,81217 Loeprich Road,,n/a
31,fsprayu@quantcast.com,652-881-1335,,,Property-Casualty Insurers
32,pmorvillev@cloudflare.com,147-817-5521,122 Coolidge Junction,,Industrial Machinery/Components
33,cseivwrightw@yahoo.com,745-765-9049,,,Telecommunications Equipment
34,,,4 7th Center,,n/a
35,,,274 Rigney Court,,n/a
36,jficez@samsung.com,777-108-0549,,,Other Specialty Stores
37,mdeniso10@wired.com,514-919-3641,23 Merrick Plaza,,n/a
38,acrippes11@independent.co.uk,576-746-8299,33 Park Meadow Pass,,Major Banks
39,sdelatour12@cornell.edu,373-953-3782,427 Huxley Lane,,n/a
40,cgrundle13@microsoft.com,880-599-7263,,,Real Estate Investment Trusts
41,aadhams14@reference.com,887-899-2305,,,Metal Fabrications
42,abaitman15@irs.gov,464-104-1390,06 Prentice Crossing,,n/a
43,tdigan16@purevolume.com,380-724-2775,,,Specialty Chemicals
44,kwhittleton17@nifty.com,291-329-1339,,,Life Insurance
45,sshervil18@cbsnews.com,444-397-1345,,$12598415.13,n/a
46,,,,,Real Estate Investment Trusts
47,,,,,Major Pharmaceuticals
48,asunderland1b@nih.gov,788-288-0707,20 Leroy Circle,,Biotechnology: Electromedical & Electrotherapeutic Apparatus
49,hperello1c@a8.net,240-184-9206,8 Chive Trail,,"Computer Software: Programming, Data Processing"
50,,,160 Sauthoff Park,,Natural Gas Distribution
51,mbrimm1e@deviantart.com,659-337-9127,,$78870302.12,Biotechnology: Biological Products (No Diagnostic Substances)
52,rpossel1f@parallels.com,347-968-5374,60364 Meadow Valley Place,$70562073.92,Professional Services
53,,,,,Electrical Products
54,dnunson1h@cnet.com,567-178-0851,,,Real Estate Investment Trusts
55,,,79 Laurel Alley,,Apparel
56,,,5748 Thackeray Circle,,Oil/Gas Transmission
57,csans1k@i2i.jp,495-631-2624,,$58754706.49,Real Estate
58,mlindop1l@over-blog.com,664-785-7879,,,Environmental Services
59,meyam1m@slashdot.org,901-381-4401,,,Power Generation
60,kokennavain1n@upenn.edu,609-741-5119,29 Havey Park,,Homebuilding
61,,,4115 Scott Pass,,Paper
62,,,3201 Anzinger Trail,,Medical Specialities
63,kcradoc1q@eepurl.com,503-762-1421,,,n/a
64,kcownden1r@dagondesign.com,895-260-8743,,,Real Estate
65,sembury1s@soup.io,177-656-4162,81159 Dorton Hill,,Coal Mining
66,wbordes1t@google.it,126-796-3887,3362 Randy Hill,,Oil & Gas Production
67,cspeare1u@nationalgeographic.com,461-601-9918,2 Carey Junction,,Electric Utilities: Central
68,kmauser1v@tinypic.com,549-227-8146,,$83499571.21,Oil & Gas Production
69,acrayke1w@forbes.com,134-554-8892,0 Columbus Trail,$39068312.65,n/a
70,astanyer1x@msn.com,110-472-1911,,,Oil & Gas Production
71,ssacher1y@stanford.edu,620-825-1408,0 Warner Terrace,$81835478.47,n/a
72,,,95824 Forest Road,,n/a
73,cbertenshaw20@etsy.com,521-751-6089,,,Farming/Seeds/Milling
74,jshortland21@altervista.org,726-619-4945,,$54431822.67,Mining & Quarrying of Nonmetallic Minerals (No Fuels)
75,acolisbe22@timesonline.co.uk,654-781-1016,,,Apparel
76,avolet23@geocities.com,735-471-5688,,$605245.66,Major Banks
77,,,,$484155.30,Electrical Products
78,cohanley25@independent.co.uk,681-139-0027,47231 Sommers Point,,n/a
79,nmeacher26@rediff.com,755-317-2035,8774 Eliot Alley,,Business Services
80,,,8438 Reinke Center,,Diversified Commercial Services
81,,,660 Saint Paul Place,,Real Estate
82,blevesque29@slate.com,963-517-7955,08 Loomis Terrace,,Savings Institutions
83,,,,,Investment Bankers/Brokers/Service
84,ebenning2b@storify.com,212-808-4605,6 Hanson Pass,$65511935.59,Major Banks
85,bfillingham2c@cyberchimps.com,428-399-3880,52 Meadow Vale Way,,Beverages (Production/Distribution)
86,dzoanetti2d@yahoo.co.jp,473-486-7597,80141 Granby Parkway,,Industrial Machinery/Components
87,,,334 Maple Wood Park,$40791312.10,Industrial Specialties
88,rmunnings2f@prnewswire.com,595-829-2279,4 Monterey Alley,,Major Pharmaceuticals
89,bfulle2g@bandcamp.com,202-592-8787,9 Monterey Circle,,Industrial Machinery/Components
90,arobak2h@businessweek.com,900-616-1461,5 Dakota Drive,,Medical/Dental Instruments
91,probbins2i@artisteer.com,489-376-7882,,,Major Banks
92,pviggars2j@census.gov,603-263-2865,85 Cardinal Parkway,$1880830.73,Oil & Gas Production
93,bgrigoryev2k@alibaba.com,469-546-0244,,,Savings Institutions
94,,,65 Westridge Alley,,Oil & Gas Production
95,lcraine2m@google.ca,787-109-8633,,,Semiconductors
96,jwarmisham2n@uol.com.br,154-880-9081,23 Armistice Point,$60558107.16,Food Chains
97,btremmil2o@dyndns.org,943-293-4775,,,Real Estate
98,fvasyunin2p@dmoz.org,237-222-4253,9 Sauthoff Plaza,,Building operators
99,lbuggs2q@ucsd.edu,997-892-3918,1 Fieldstone Lane,,n/a
100,ahowsin2r@cbsnews.com,867-669-5437,337 Wayridge Plaza,,Diversified Commercial Services
101,hpawling2s@typepad.com,538-906-3656,7322 Lighthouse Bay Lane,,Biotechnology: Electromedical & Electrotherapeutic Apparatus
102,pcoupman2t@technorati.com,567-623-5150,7 Morningstar Trail,,Hospital/Nursing Management
103,pbiggam2u@earthlink.net,657-488-7304,,,Textiles
104,jstuddard2v@freewebs.com,917-657-4292,2 Hermina Hill,,Electric Utilities: Central
105,syakubovics2w@eepurl.com,751-442-9126,2807 Talmadge Plaza,,Business Services
106,wmadgett2x@cnn.com,660-509-6787,60 Carioca Hill,,Industrial Machinery/Components
107,chadaway2y@stumbleupon.com,213-586-4886,,,Air Freight/Delivery Services
108,bmathen2z@squarespace.com,838-548-8045,,,Recreational Products/Toys
109,,,541 Saint Paul Parkway,,n/a
110,,,,,Food Distributors
111,dverryan32@bing.com,130-922-3832,272 Calypso Point,,Biotechnology: Electromedical & Electrotherapeutic Apparatus
112,,,9230 Wayridge Avenue,$97347743.30,Major Pharmaceuticals
113,wshakeshaft34@ucoz.com,607-249-0633,844 Meadow Valley Hill,,Telecommunications Equipment
114,bcastrillo35@google.ru,347-629-1038,9 Bobwhite Road,,Banks
115,rcolbertson36@cdbaby.com,720-953-9726,,,Books
116,,,0411 Anniversary Center,$13511553.45,Major Banks
117,,,1417 Buell Pass,,n/a
118,ktuminelli39@weather.com,308-312-9268,48 Brickson Park Pass,$36665305.82,Trucking Freight/Courier Services
119,abruck3a@ycombinator.com,709-490-7495,356 Mosinee Terrace,,n/a
120,mkealy3b@guardian.co.uk,185-575-3654,587 Spaight Drive,,Railroads
121,apetruska3c@about.com,634-594-5714,8 Lighthouse Bay Place,,Air Freight/Delivery Services
122,,,4 Dwight Drive,,Investment Managers
123,gbardwell3e@google.ca,276-592-3033,,,Engineering & Construction
124,napperley3f@hp.com,434-852-1737,8 Old Shore Court,,Computer Software: Prepackaged Software
125,,,,,n/a
126,dbrunone3h@wisc.edu,994-358-9073,1 Golf Course Crossing,,Investment Bankers/Brokers/Service
127,djacombs3i@hostgator.com,970-668-9455,548 Center Road,,n/a
128,aindge3j@cpanel.net,735-134-9754,,,n/a
129,rragot3k@privacy.gov.au,499-528-7121,80214 Porter Parkway,,Industrial Machinery/Components
130,mmackintosh3l@cpanel.net,132-797-9415,,$24102805.20,Major Pharmaceuticals
131,,,,$63896702.77,n/a
132,gcotesford3n@diigo.com,284-752-8792,,$43114853.47,Industrial Specialties
133,,,4963 Daystar Terrace,,RETAIL: Building Materials
134,hfardoe3p@deviantart.com,451-194-2417,,,Savings Institutions
135,iworlidge3q@dyndns.org,803-889-6302,66736 Kim Court,,n/a
136,,,4439 Esker Place,$14909660.65,n/a
137,dskeeles3s@wordpress.org,607-649-1649,,,n/a
138,gjerrand3t@prweb.com,111-718-8779,,,n/a
139,rgumery3u@diigo.com,116-294-9793,,,Medical Specialities
140,pfinessy3v@purevolume.com,714-975-6383,,,n/a
141,bbrompton3w@flickr.com,653-686-7044,46 Pleasure Pass,,Transportation Services
142,,,35424 Hovde Road,,Hotels/Resorts
143,efebry3y@ucsd.edu,713-502-8006,987 Vahlen Park,,n/a
144,bhylden3z@domainmarket.com,291-640-4529,,,Major Banks
145,wnassau40@ucoz.com,965-649-0415,8 Stuart Hill,,Real Estate
146,nwernher41@soup.io,993-993-3014,,,Industrial Machinery/Components
147,rdellenbrook42@berkeley.edu,467-165-1796,,,Oil & Gas Production
148,cgrennan43@ow.ly,891-590-2725,,,Real Estate Investment Trusts
149,,,89101 Karstens Point,,Electrical Products
150,akempson45@photobucket.com,486-803-5383,,$9447924.55,Commercial Banks
151,,,38 Towne Road,$99619908.07,Finance/Investors Services
152,,,,$36115686.01,Radio And Television Broadcasting And Communications Equipment
153,,,,,Computer Communications Equipment
154,mbodicam49@sbwire.com,182-600-2748,2961 Oneill Drive,,Real Estate Investment Trusts
155,fmidgley4a@cargocollective.com,614-436-9103,42192 Pawling Court,,Electrical Products
156,fdracey4b@booking.com,435-221-8323,,,n/a
157,jmungin4c@theguardian.com,267-968-3052,,,n/a
158,,,60 Messerschmidt Center,,Property-Casualty Insurers
159,cgutridge4e@go.com,392-231-2232,4713 Iowa Trail,$22967491.84,Major Banks
160,idelmonte4f@wikispaces.com,255-805-5373,12599 Springview Plaza,,Major Banks
161,ggisburn4g@unicef.org,543-429-9646,3 Waxwing Plaza,,Newspapers/Magazines
162,pkrause4h@prweb.com,305-539-0577,,,Electronic Components
163,cantill4i@xing.com,889-867-4347,,,Oil/Gas Transmission
164,,,6615 Bobwhite Avenue,,Industrial Machinery/Components
165,echandlar4k@hibu.com,680-369-9360,799 Coleman Avenue,,n/a
166,,,1 Doe Crossing Junction,,EDP Services
167,ogeldert4m@live.com,505-714-7116,,,Real Estate Investment Trusts
168,rdekeep4n@1688.com,480-714-9767,0 Sullivan Center,,Coal Mining
169,,,5803 Dakota Center,,n/a
170,hpesic4p@yahoo.com,910-223-1695,,,n/a
171,djoannidi4q@deviantart.com,612-595-8206,,,Power Generation
172,achaters4r@ucla.edu,348-672-6353,,,Computer Software: Prepackaged Software
173,hperrone4s@marriott.com,955-344-7637,,,Computer Manufacturing
174,,,97165 Burning Wood Crossing,$49513799.34,n/a
175,,,,$29155251.28,Finance: Consumer Services
176,sterrazzo4v@weibo.com,388-250-5781,655 Old Gate Center,,n/a
177,jlock4w@mashable.com,668-752-6707,,,Finance: Consumer Services
178,,,,$41958160.70,Business Services
179,fbellie4y@ask.com,327-127-5680,51169 Dunning Road,,Marine Transportation
180,dllewhellin4z@yelp.com,422-663-6215,,,n/a
181,rdalwood50@ehow.com,833-224-6776,,,Major Pharmaceuticals
182,hcapitano51@g.co,957-240-7815,,,Hospital/Nursing Management
183,,,779 Lien Park,,Electrical Products
184,rganny53@umich.edu,404-515-4199,1 Anderson Plaza,,Major Chemicals
185,babate54@ovh.net,981-504-0036,45627 Hanover Court,,Industrial Machinery/Components
186,jkilkenny55@webeden.co.uk,195-492-9498,98486 Waxwing Parkway,,"Computer Software: Programming, Data Processing"
187,tbonanno56@symantec.com,445-922-6743,4 Oak Valley Circle,$61127081.89,n/a
188,,,,,Medical/Dental Instruments
189,,,28 Rieder Point,,Marine Transportation
190,anorthage59@columbia.edu,882-428-9354,5704 Longview Point,,Farming/Seeds/Milling
191,ddavidou5a@jigsy.com,991-926-8200,,,n/a
192,apuddin5b@amazon.com,518-881-9837,09584 Independence Terrace,,Biotechnology: In Vitro & In Vivo Diagnostic Substances
193,qayscough5c@cmu.edu,705-703-8934,,,Agricultural Chemicals
194,mhargraves5d@go.com,584-894-9917,6773 Burning Wood Terrace,,EDP Services
195,cantonioni5e@si.edu,142-719-4938,,,Steel/Iron Ore
196,kcoolican5f@indiatimes.com,631-186-8648,855 Banding Road,$24386153.29,n/a
197,,,802 Katie Hill,,Precious Metals
198,zbrook5h@parallels.com,652-243-3463,,,Investment Bankers/Brokers/Service
199,otreeby5i@liveinternet.ru,817-989-4064,27 Kenwood Park,,Major Banks
200,kbanasiak5j@github.com,585-357-7253,,,Restaurants
201,,,0 Schlimgen Hill,,Diversified Financial Services
202,tnigh5l@mysql.com,391-669-0898,,$35510560.57,"Computer Software: Programming, Data Processing"
203,gjouaneton5m@last.fm,949-436-5872,,$54537114.29,Major Banks
204,kambrogioli5n@illinois.edu,198-449-1595,,$50258665.94,"Computer Software: Programming, Data Processing"
205,,,9559 Sunnyside Junction,,Paper
206,wneely5p@theglobeandmail.com,587-782-1264,,,Biotechnology: Biological Products (No Diagnostic Substances)
207,gboddam5q@apple.com,314-414-6783,,,Finance: Consumer Services
208,slabusquiere5r@cbslocal.com,702-728-8726,4 Bay Road,,Oil Refining/Marketing
209,nsnary5s@blogtalkradio.com,921-519-3691,23799 Brentwood Terrace,,n/a
210,tkildahl5t@ebay.co.uk,752-547-5030,,,Restaurants
211,beite5u@vinaora.com,697-700-8121,,$13628209.05,Industrial Machinery/Components
212,,,5 Warbler Trail,,Biotechnology: Biological Products (No Diagnostic Substances)
213,rcrigin5w@studiopress.com,354-779-6415,,,Major Banks
214,,,,,n/a
215,sbeevor5y@ebay.com,868-764-2019,,,n/a
216,nzealy5z@hao123.com,628-994-8239,2 Butterfield Circle,$4174319.07,EDP Services
217,bjacquemot60@mlb.com,119-760-3425,,,Business Services
218,,,9549 Lakeland Lane,$57315273.99,n/a
219,rosullivan62@jugem.jp,602-234-1979,,,n/a
220,,,088 Morningstar Pass,,n/a
221,lmcmychem64@jigsy.com,654-196-8152,,,Other Consumer Services
222,dgreeveson65@adobe.com,197-719-5149,,,Electronic Components
223,,,2 North Avenue,,Telecommunications Equipment
224,lwhitehorne67@live.com,555-830-4065,14 6th Alley,,Major Banks
225,tmorrow68@livejournal.com,999-699-2496,46 Birchwood Junction,,Water Supply
226,cingamells69@hexun.com,109-944-1667,,,Rental/Leasing Companies
227,fregardsoe6a@craigslist.org,193-913-5987,,,n/a
228,,,56169 Cardinal Way,,Restaurants
229,npetzolt6c@loc.gov,500-200-0172,1036 Upham Junction,,n/a
230,kbodd6d@cbslocal.com,395-409-7584,0637 Nelson Lane,$38385060.29,Precious Metals
231,,,79933 Hoffman Terrace,,Investment Managers
232,,,4 Karstens Parkway,,Semiconductors
233,csarton6g@elegantthemes.com,948-569-7170,49 Welch Point,,Investment Bankers/Brokers/Service
234,rtandey6h@abc.net.au,221-758-0933,05 Manley Hill,,Clothing/Shoe/Accessory Stores
235,aelderidge6i@engadget.com,785-248-4072,,,Major Pharmaceuticals
236,,,001 Mosinee Drive,,Air Freight/Delivery Services
237,,,56 Brentwood Terrace,,Business Services
238,ljays6l@studiopress.com,354-925-3435,408 Golf View Circle,,Diversified Commercial Services
239,ibarkus6m@bbb.org,399-869-2648,4307 Hayes Plaza,,Consumer: Greeting Cards
240,chairon6n@foxnews.com,358-524-5745,,,Engineering & Construction
241,mcudby6o@arstechnica.com,878-983-6016,59 Vermont Circle,,Restaurants
242,nbuck6p@joomla.org,290-833-3765,,,EDP Services
243,kbumphrey6q@harvard.edu,131-748-8088,,,n/a
244,acapron6r@naver.com,483-479-9497,7 Eagan Crossing,,EDP Services
245,mfishenden6s@ezinearticles.com,295-933-0835,05403 Dahle Center,,Precious Metals
246,,,,,Industrial Machinery/Components
247,wwarner6u@yandex.ru,877-912-1194,,,Real Estate Investment Trusts
248,,,,$53454993.87,Oil & Gas Production
249,csprake6w@yellowbook.com,661-174-1133,6 Merrick Trail,,Real Estate Investment Trusts
250,aegglestone6x@ed.gov,731-197-7109,,$46388853.49,Electric Utilities: Central
251,,,,,n/a
252,jmacrow6z@usgs.gov,489-416-9831,,,Real Estate Investment Trusts
253,pjaycox70@reverbnation.com,473-842-5435,,,Major Pharmaceuticals
254,,,855 Claremont Avenue,$20822532.77,Mining & Quarrying of Nonmetallic Minerals (No Fuels)
255,ctuxsell72@salon.com,175-313-6047,,,Coal Mining
256,ehurcombe73@uiuc.edu,396-423-9004,,,Major Chemicals
257,rroxburch74@hatena.ne.jp,831-187-5654,833 Veith Avenue,$94610998.63,Telecommunications Equipment
258,bcasperri75@privacy.gov.au,591-649-7379,,,Savings Institutions
259,pmilkeham76@ning.com,372-963-7562,4080 Union Point,,Finance: Consumer Services
260,bnorkett77@parallels.com,342-551-8191,11 Maple Place,,Homebuilding
261,kcaudrey78@uiuc.edu,773-757-0809,,$66176345.50,Major Pharmaceuticals
262,kjirieck79@addthis.com,873-761-8441,32325 Hagan Crossing,$39826120.62,Commercial Banks
263,malaway7a@tinypic.com,389-948-9436,7243 Green Ridge Point,,Integrated oil Companies
264,edroogan7b@opensource.org,321-909-5086,6403 Hayes Parkway,,n/a
265,lmander7c@marriott.com,109-753-2267,,,Major Chemicals
266,hgoodinge7d@baidu.com,815-787-8995,,,"Computer Software: Programming, Data Processing"
267,,,,$59488441.31,Business Services
268,obaldoni7f@umich.edu,852-926-9398,8869 Ryan Center,$97182264.93,Major Chemicals
269,,,53 Arkansas Street,,Construction/Ag Equipment/Trucks
270,kpotten7h@webs.com,434-963-3127,,,Electronic Components
271,achesley7i@cocolog-nifty.com,205-103-2244,29390 Dottie Road,,Investment Managers
272,lskene7j@theguardian.com,183-831-4196,66 Artisan Lane,,n/a
273,bsterman7k@sohu.com,688-501-5624,,,Major Banks
274,kcarss7l@elpais.com,512-941-3623,52805 Pankratz Way,,Construction/Ag Equipment/Trucks
275,bahmad7m@wikipedia.org,120-675-1800,9096 Loftsgordon Trail,$61841902.74,n/a
276,bbloggett7n@meetup.com,140-492-0780,,,EDP Services
277,sflaxman7o@aboutads.info,137-794-9141,,$46205257.57,Beverages (Production/Distribution)
278,aziehm7p@webnode.com,529-456-8412,,$9249157.08,Services-Misc. Amusement & Recreation
279,,,,,"Computer Software: Programming, Data Processing"
280,ccorry7r@angelfire.com,906-962-6494,979 Shasta Plaza,,Finance: Consumer Services
281,ggoggen7s@linkedin.com,138-167-6617,,,Coal Mining
282,,,,,n/a
283,nszymanowski7u@elegantthemes.com,847-575-6005,846 Roxbury Drive,,Industrial Machinery/Components
284,qteodori7v@twitter.com,703-972-5572,,,Oil & Gas Production
285,jrathbourne7w@hexun.com,329-368-9170,97495 Debs Place,,n/a
286,rsedcole7x@unc.edu,168-395-9615,,$9432537.49,n/a
287,dkinton7y@parallels.com,536-662-1724,94 Beilfuss Street,,n/a
288,kgrainger7z@bloglovin.com,414-335-6320,550 Transport Terrace,$49142195.19,Shoe Manufacturing
289,iprosek80@nba.com,508-641-3220,51 Gina Trail,$3997031.83,n/a
290,jczajkowska81@admin.ch,911-894-7435,,,Department/Specialty Retail Stores
291,fbocken82@usgs.gov,697-627-9217,201 Larry Court,,Major Pharmaceuticals
292,,,39019 Havey Court,,Major Banks
293,,,,,n/a
294,,,,,Major Banks
295,cdjurevic86@bandcamp.com,150-943-5341,,,n/a
296,pdoree87@163.com,419-864-1532,5000 Cardinal Crossing,,Food Distributors
297,jclewley88@cafepress.com,853-218-5636,,,Recreational Products/Toys
298,akochel89@wix.com,504-833-8800,28 Redwing Street,,Oil Refining/Marketing
299,,,,$42752521.65,n/a
300,sspellacy8b@oakley.com,909-422-0458,,$769036.72,n/a
301,bbaiss8c@blogspot.com,814-328-9392,,,Biotechnology: Biological Products (No Diagnostic Substances)
302,kfettiplace8d@ow.ly,995-921-1149,,,Major Banks
303,dsego8e@berkeley.edu,605-116-0199,1 Clove Way,,Auto Parts:O.E.M.
304,asonier8f@w3.org,445-801-9434,74 Redwing Junction,,Biotechnology: Biological Products (No Diagnostic Substances)
305,sflockhart8g@istockphoto.com,709-483-9482,,$41158897.34,Hospital/Nursing Management
306,kruthven8h@imdb.com,504-926-7104,,$70185957.72,n/a
307,ketchingham8i@zdnet.com,979-645-1002,71 Thackeray Place,,Business Services
308,lmatushenko8j@rakuten.co.jp,577-611-7161,,,Telecommunications Equipment
309,eyatman8k@bloomberg.com,929-761-5598,,,n/a
310,pkinnard8l@friendfeed.com,716-114-9112,,,Water Supply
311,,,3712 Canary Circle,$20181382.87,n/a
312,,,,,Investment Bankers/Brokers/Service
313,,,8 Moulton Crossing,,Real Estate Investment Trusts
314,nstandishbrooks8p@so-net.ne.jp,428-759-3804,4983 Heath Avenue,,Major Banks
315,,,,,n/a
316,hdoghartie8r@home.pl,694-266-3858,5 Eagan Way,,n/a
317,aburnhard8s@slashdot.org,147-994-8953,57209 Barnett Point,,Power Generation
318,wdymidowski8t@sohu.com,737-563-7394,61 Eastlawn Place,,n/a
319,jselly8u@amazon.co.uk,233-253-0162,11991 Hanover Point,$34933524.73,Specialty Chemicals
320,fsemour8v@ed.gov,243-104-4206,,,Industrial Machinery/Components
321,cgrewcock8w@europa.eu,916-428-3749,,,Air Freight/Delivery Services
322,kfattorini8x@odnoklassniki.ru,523-950-8971,,,Specialty Chemicals
323,shenken8y@reverbnation.com,351-130-7888,80 Westport Center,,n/a
324,bgrimsdyke8z@pbs.org,676-488-3454,5 Sauthoff Place,,Major Chemicals
325,zcranny90@homestead.com,231-805-7185,1 Ronald Regan Pass,,Major Pharmaceuticals
326,hbatterson91@blogtalkradio.com,662-839-0352,,,Metal Fabrications
327,,,,,Marine Transportation
328,sbrewis93@tamu.edu,122-601-6172,,$29545297.49,Business Services
329,tpfaffe94@cnbc.com,732-316-8824,,,Auto Parts:O.E.M.
330,fdearlepalser95@adobe.com,731-801-6693,42 Sunfield Park,$43765003.06,Industrial Machinery/Components
331,jwainscoat96@ycombinator.com,288-275-4018,,,n/a
332,cneillans97@ihg.com,661-574-9282,93 Mendota Hill,,n/a
333,pdivall98@dropbox.com,708-172-0533,141 Dunning Alley,,Specialty Chemicals
334,,,0276 Jackson Road,,Electrical Products
335,,,,,Telecommunications Equipment
336,vrawsthorne9b@friendfeed.com,640-526-1623,522 Paget Hill,,Semiconductors
337,lschuricke9c@homestead.com,252-167-8217,,,Containers/Packaging
338,amatthisson9d@symantec.com,513-995-3886,,,Industrial Specialties
339,,,93510 Rockefeller Avenue,,Business Services
340,,,62 Jenna Road,,Professional Services
341,lvannacci9g@comsenz.com,464-147-2214,4 Canary Road,$96910647.58,n/a
342,,,100 Cottonwood Parkway,,Medical/Dental Instruments
343,tludl9i@t-online.de,468-878-7245,73781 Porter Pass,$98270369.37,n/a
344,,,,,Consumer Electronics/Video Chains
345,bbell9k@list-manage.com,741-550-0150,,,Precious Metals
346,,,,,Major Pharmaceuticals
347,rmonckman9m@jalbum.net,126-157-0711,136 David Way,,n/a
348,asanja9n@webs.com,462-807-0890,04312 Hansons Circle,$98079198.60,Other Specialty Stores
349,cmorcom9o@vimeo.com,153-632-4389,,,Containers/Packaging
350,mpaten9p@npr.org,328-942-9804,644 Garrison Avenue,,Auto Parts:O.E.M.
351,,,,$7557233.89,n/a
352,lwherton9r@odnoklassniki.ru,625-964-8445,,,Hotels/Resorts
353,adroghan9s@timesonline.co.uk,765-359-6256,9428 Mccormick Circle,,Savings Institutions
354,gbusst9t@posterous.com,818-523-6988,,$25939488.65,Specialty Chemicals
355,cpunton9u@usda.gov,408-377-6760,6 Morrow Trail,,n/a
356,pwiz9v@sun.com,513-472-3806,60 Superior Drive,,Restaurants
357,btertre9w@slideshare.net,559-757-9006,,,Major Pharmaceuticals
358,,,,,Investment Managers
359,bjose9y@yolasite.com,338-271-2915,,,n/a
360,sbenedetti9z@dmoz.org,157-929-4804,,,Mining & Quarrying of Nonmetallic Minerals (No Fuels)
361,,,64112 Mifflin Court,,Major Banks
362,dsussamsa1@constantcontact.com,459-291-2718,,,Major Banks
363,,,,$87079820.42,n/a
364,yphila3@ihg.com,569-738-0912,066 Veith Center,,Precious Metals
365,msiddona4@cpanel.net,371-201-9743,,,Computer Software: Prepackaged Software
366,dburta5@icio.us,391-346-8794,93 Dunning Point,,n/a
367,binesona6@prnewswire.com,708-631-0490,2392 Nevada Center,,Industrial Machinery/Components
368,bdaughterya7@who.int,247-464-1187,2 Rowland Way,,n/a
369,achadbanda8@businesswire.com,168-942-4677,,,Apparel
370,mgrigoronia9@baidu.com,835-352-1708,,,Banks
371,zblakewayaa@vimeo.com,447-588-2778,72218 Wayridge Plaza,,Aerospace
372,amoxomab@wp.com,525-899-8238,,,Natural Gas Distribution
373,,,,,n/a
374,,,,,Other Consumer Services
375,,,,$61951684.89,Electrical Products
376,braymontaf@nifty.com,304-529-4448,,,n/a
377,bsegeswoethag@hp.com,786-857-8907,,,Newspapers/Magazines
378,,,,,Major Pharmaceuticals
379,tlarvorai@hexun.com,370-695-4244,85686 Brickson Park Center,,Biotechnology: Commercial Physical & Biological Resarch
380,cgrafhomaj@indiegogo.com,216-219-3243,54570 Maple Wood Park,,Natural Gas Distribution
381,,,,$6196793.17,EDP Services
382,hhalwillal@eepurl.com,297-442-9278,68283 Mcbride Circle,,Telecommunications Equipment
383,cparadisam@webmd.com,790-626-3092,623 Fuller Trail,,Oil & Gas Production
384,ivandeveldean@chron.com,639-364-6057,6 Blackbird Way,,Catalog/Specialty Distribution
385,lbukowskiao@columbia.edu,743-115-2334,,,Major Banks
386,hpothergillap@cbsnews.com,748-934-0165,,,Real Estate
387,,,00 Algoma Park,$37130058.14,n/a
388,nhessayar@economist.com,164-344-3969,7310 Sutherland Way,,Major Pharmaceuticals
389,,,,,n/a
390,,,666 Hansons Parkway,,Hotels/Resorts
391,ndeliasau@nature.com,158-409-2891,71 Clyde Gallagher Street,$98593486.43,EDP Services
392,rbrakewellav@dailymail.co.uk,137-414-0060,,$31337187.24,Specialty Insurers
393,mmcgouganaw@va.gov,596-601-5574,,$55990002.27,n/a
394,flethburyax@homestead.com,310-869-8307,,$84684989.40,Computer Communications Equipment
395,rwilcinskisay@google.com,444-840-9710,,,Natural Gas Distribution
396,bsmetounaz@buzzfeed.com,388-570-6226,36 Stang Terrace,,Home Furnishings
397,,,,,Major Pharmaceuticals
398,cjollissb1@hc360.com,992-560-6126,,,Oil Refining/Marketing
399,,,435 Westend Lane,,Biotechnology: Biological Products (No Diagnostic Substances)
400,lpidginb3@dion.ne.jp,178-798-7356,,,Major Banks
401,hvandersonb4@scientificamerican.com,159-388-2332,,,Homebuilding
402,bandreuzzib5@pinterest.com,955-196-4513,3362 Schmedeman Plaza,$8812925.25,Services-Misc. Amusement & Recreation
403,,,,$95357104.54,Restaurants
404,epratleyb7@latimes.com,252-999-1516,,$5562952.21,Consumer Specialties
405,gjancab8@phpbb.com,504-912-4347,011 Northwestern Center,$68481796.23,Power Generation
406,tlingnerb9@gizmodo.com,977-707-0331,2259 Gateway Junction,$18694732.34,Shoe Manufacturing
407,astraceyba@thetimes.co.uk,204-730-0111,,$13679100.56,Real Estate Investment Trusts
408,dsamwysebb@godaddy.com,926-880-2215,,,n/a
409,wisaaksohnbc@icq.com,826-830-4164,,,Investment Bankers/Brokers/Service
410,nbovisbd@mayoclinic.com,689-493-7305,,,Oil & Gas Production
411,rpickstonbe@bluehost.com,808-249-2706,,,Oil & Gas Production
412,,,3854 Village Parkway,,n/a
413,cmackellenbg@desdev.cn,647-447-0020,,,n/a
414,hbaukhambh@icio.us,757-382-3364,024 Morrow Center,,Investment Managers
415,,,,,Major Banks
416,oconaghanbj@infoseek.co.jp,304-420-5695,57 Nancy Hill,,Semiconductors
417,,,,,Restaurants
418,,,,,RETAIL: Building Materials
419,cwhysallbm@photobucket.com,860-799-0056,2533 Moose Street,,Major Pharmaceuticals
420,bheintzbn@stanford.edu,444-628-2159,1796 Sutteridge Alley,,Major Banks
421,sdraperbo@sphinn.com,221-140-4951,,,n/a
422,,,,,Computer Software: Prepackaged Software
423,isynderbq@elegantthemes.com,137-525-5725,,,n/a
424,uslotbr@a8.net,354-485-2411,7187 Sauthoff Road,,Real Estate
425,thandysidebs@theguardian.com,585-452-1955,5933 Meadow Vale Plaza,,Catalog/Specialty Distribution
426,bcuddebt@woothemes.com,687-803-0035,28 Linden Drive,$70771803.21,Business Services
427,ubenningtonbu@istockphoto.com,884-588-6776,51193 Katie Court,,n/a
428,,,8735 International Crossing,$42746683.30,Savings Institutions
429,yrzehorbw@storify.com,189-905-6498,,,n/a
430,socollopybx@topsy.com,403-894-9822,,,n/a
431,,,84 Dapin Lane,$41789132.87,Industrial Specialties
432,bmaudebz@comcast.net,997-630-9301,,$64217465.88,Restaurants
433,vgarriockc0@joomla.org,566-414-6039,78 John Wall Court,,Property-Casualty Insurers
434,rpeddersenc1@sbwire.com,931-118-7666,,,n/a
435,,,3 Fallview Circle,,n/a
436,hrisleyc3@samsung.com,448-217-2085,62076 Forest Run Center,,Other Pharmaceuticals
437,astockneyc4@lulu.com,892-993-3599,18615 Cordelia Hill,,Oil & Gas Production
438,bbignallc5@quantcast.com,466-411-1695,,,RETAIL: Building Materials
439,mdugganc6@hubpages.com,506-953-9784,7 Rowland Trail,,n/a
440,,,,,n/a
441,ewaplingtonc8@meetup.com,454-159-5249,12 Browning Alley,,Property-Casualty Insurers
442,acalfc9@amazonaws.com,384-265-9248,,$42609562.47,Savings Institutions
443,cmcquorkelca@people.com.cn,240-893-9893,,,Real Estate Investment Trusts
444,bcotgravecb@illinois.edu,196-531-1151,265 Gina Road,,n/a
445,palbrookecc@jiathis.com,661-269-8666,,,n/a
446,colliffcd@berkeley.edu,443-449-6149,7 Thompson Drive,,Electric Utilities: Central
447,jcharltonce@berkeley.edu,803-854-2399,,$35995159.75,Auto Parts:O.E.M.
448,jcrouchercf@joomla.org,816-153-8170,,,Commercial Banks
449,jhenburycg@china.com.cn,562-252-9768,3842 Mccormick Terrace,$43509126.24,Package Goods/Cosmetics
450,cgutierrezch@google.es,450-626-8892,381 Roth Terrace,,Property-Casualty Insurers
451,ckupkerci@sun.com,209-209-1254,,$47456579.87,Real Estate Investment Trusts
452,bgradoncj@myspace.com,717-494-5014,,$72017993.30,n/a
453,,,3 Twin Pines Center,,Real Estate
454,rprobincl@gmpg.org,536-976-8977,5 Corry Lane,$3947884.84,Business Services
455,,,,$83141811.70,Major Pharmaceuticals
456,rstruttcn@e-recht24.de,151-249-9298,,,Major Banks
457,cdundridgeco@indiatimes.com,752-154-0701,71 Forest Road,,Medical/Dental Instruments
458,gsellorscp@godaddy.com,741-485-4424,33780 Pierstorff Center,,Finance: Consumer Services
459,jvedenyakincq@wikimedia.org,712-596-5348,,$895535.69,n/a
460,ldemalcharcr@ovh.net,515-102-5921,,,Business Services
461,ecoringtoncs@goodreads.com,606-955-8167,,,Commercial Banks
462,htomczykiewiczct@google.co.jp,757-997-2091,,,Precious Metals
463,eoferriscu@scribd.com,377-358-6449,,$20256685.24,Agricultural Chemicals
464,,,32 Kings Pass,$32646654.53,Medical/Dental Instruments
465,,,2738 Atwood Terrace,,n/a
466,tdarnodycx@csmonitor.com,869-970-9031,,,Major Chemicals
467,sduckercy@macromedia.com,326-828-2789,6295 Artisan Place,,Electronic Components
468,,,,,n/a
469,ahaxelld0@github.io,861-937-6057,71363 American Ash Point,,Consumer Electronics/Appliances
470,,,3170 Ryan Street,,n/a
471,,,61825 Towne Alley,,Savings Institutions
472,ccorneliussend3@oaic.gov.au,504-480-5351,,$79018757.34,Telecommunications Equipment
473,,,99 Golf View Place,,Biotechnology: Commercial Physical & Biological Resarch
474,doertzend5@samsung.com,894-194-9795,61682 Oneill Circle,,Natural Gas Distribution
475,,,,,Major Banks
476,pmaddicksd7@dyndns.org,366-634-8927,,,Finance: Consumer Services
477,rglaumd8@mapquest.com,318-840-1391,,$68632275.79,n/a
478,pchittleburghd9@google.com,579-931-5356,,,Transportation Services
479,cbowdlerda@google.es,201-444-2491,29 Mitchell Hill,,Real Estate Investment Trusts
480,dstuckedb@cargocollective.com,416-645-2699,,,RETAIL: Building Materials
481,,,,,Metal Fabrications
482,,,,,Transportation Services
483,jdavydenkode@techcrunch.com,250-863-2730,52394 Ronald Regan Drive,,Banks
484,fbuckstondf@psu.edu,706-160-4780,,,Building Products
485,bdegregoriodg@stanford.edu,431-518-3269,,$45004423.02,Natural Gas Distribution
486,,,,,n/a
487,mtomankiewiczdi@ca.gov,719-611-0311,48 Bluejay Road,$40742402.76,Biotechnology: Commercial Physical & Biological Resarch
488,,,793 Cambridge Terrace,,n/a
489,cbolledk@virginia.edu,144-356-3138,,$65076270.59,Agricultural Chemicals
490,lwharfdl@deviantart.com,891-271-5448,,,Newspapers/Magazines
491,adorracottdm@wikispaces.com,213-769-9241,574 Vernon Park,,Specialty Insurers
492,jaleksicdn@unc.edu,136-726-9972,237 Petterle Terrace,$81580579.04,n/a
493,labendrothdo@simplemachines.org,238-845-9916,379 Pond Circle,$20948076.05,n/a
494,ktrankdp@dmoz.org,291-416-1464,,,n/a
495,jroakesdq@tripod.com,935-712-2412,26 Sommers Place,,n/a
496,jbernardotdr@hc360.com,540-620-5316,9 Fairfield Alley,,EDP Services
497,,,,,Real Estate Investment Trusts
498,apapedt@purevolume.com,122-627-0198,4 Fulton Point,,Telecommunications Equipment
499,rtoppindu@fc2.com,520-497-6150,,,n/a
500,mmaciandv@rakuten.co.jp,788-357-5854,1197 Rusk Place,,n/a
501,cbrooktondw@google.ru,271-720-2234,77348 Melby Lane,,Banks
502,gplaidedx@spiegel.de,505-754-6429,10 Sunbrook Hill,$68598677.41,n/a
503,nlukeschdy@godaddy.com,953-625-2587,,,Telecommunications Equipment
504,,,,,n/a
505,bpickburne0@seattletimes.com,965-343-7802,,$979013.56,Industrial Machinery/Components
506,tciabatterie1@bloglovin.com,707-957-3393,,,Auto Manufacturing
507,,,,,Department/Specialty Retail Stores
508,,,67 Fairview Pass,,n/a
509,,,,,Biotechnology: Biological Products (No Diagnostic Substances)
510,aspollene5@narod.ru,324-661-8568,394 Thierer Lane,,Automotive Aftermarket
511,evitlere6@unblog.fr,709-506-2581,25476 Fisk Hill,,Other Consumer Services
512,csimenele7@seattletimes.com,674-948-7786,,,Home Furnishings
513,ovanyatine8@google.ru,198-606-8076,,,Biotechnology: Laboratory Analytical Instruments
514,dreddoche9@flavors.me,732-291-8756,034 Meadow Valley Place,,Computer Software: Prepackaged Software
515,ssemkinsea@macromedia.com,970-135-1872,,,n/a
516,pborleyeb@baidu.com,619-845-1161,,,Construction/Ag Equipment/Trucks
517,,,,,Electronic Components
518,ahaggerstoneed@clickbank.net,220-368-8486,3 Roth Plaza,,Major Banks
519,djerroldee@who.int,859-322-7514,5898 Chinook Center,$97892414.17,EDP Services
520,,,,,Life Insurance
521,eosheildseg@cisco.com,664-906-8331,4 Coolidge Place,$85954518.41,n/a
522,egenckeeh@eventbrite.com,784-972-6269,99 Northridge Place,$49948830.10,Biotechnology: Biological Products (No Diagnostic Substances)
523,ghartinei@wikispaces.com,990-969-5419,642 Merchant Center,,Real Estate Investment Trusts
524,bbloodej@typepad.com,769-798-0276,269 Sherman Circle,,Auto Parts:O.E.M.
525,,,814 Florence Plaza,$99495148.42,Specialty Insurers
526,dlamartineel@theatlantic.com,222-235-9642,,,Major Chemicals
527,,,2 Saint Paul Center,,Telecommunications Equipment
528,,,,,Property-Casualty Insurers
529,,,,,n/a
530,hbeggep@tamu.edu,925-378-5640,1141 Pennsylvania Hill,,Industrial Machinery/Components
531,,,74 Derek Point,$18592828.76,n/a
532,,,1351 Straubel Pass,$46860294.79,Savings Institutions
533,vrickertes@mac.com,524-786-7029,,$6978883.61,Major Pharmaceuticals
534,,,80 Dorton Drive,$7135592.49,Services-Misc. Amusement & Recreation
535,,,,,Property-Casualty Insurers
536,ftrunbyev@java.com,615-328-9021,41602 Pleasure Center,,Life Insurance
537,,,0 Eagle Crest Junction,$86400653.59,Property-Casualty Insurers
538,dshaperaex@ustream.tv,754-918-0565,9 Lindbergh Point,,Major Banks
539,,,,,n/a
540,bantonomoliiez@msu.edu,709-762-0108,,,n/a
541,areinersf0@deviantart.com,616-554-0524,,,Business Services
542,gavoryf1@pcworld.com,420-775-9795,,,Real Estate Investment Trusts
543,,,,$35283998.88,Oil Refining/Marketing
544,hcassleyf3@google.cn,613-446-1400,,,Business Services
545,twittletonf4@eventbrite.com,402-778-1857,49454 Springs Hill,,n/a
546,ccrosettof5@yale.edu,870-222-9581,2 Dapin Terrace,,Major Banks
547,,,,,n/a
548,icumbersf7@netvibes.com,546-997-3126,933 Melrose Avenue,,Oilfield Services/Equipment
549,irenzinif8@prlog.org,509-492-8746,,,Major Pharmaceuticals
550,bbuntinef9@com.com,942-691-4444,92 Mccormick Point,,Real Estate Investment Trusts
551,,,,$19017492.94,Industrial Machinery/Components
552,,,8932 Sachs Street,,Oil & Gas Production
553,,,9017 Dakota Place,$30910119.68,n/a
554,fmauserfd@ebay.co.uk,319-435-5537,50820 Nova Way,,Agricultural Chemicals
555,jkarolowskife@unicef.org,186-289-6318,87 Burning Wood Lane,,Real Estate Investment Trusts
556,hkiplingff@google.ru,507-414-6680,,$40625269.08,n/a
557,ssimesfg@artisteer.com,779-207-0200,6 Ruskin Alley,$23326461.68,n/a
558,,,,$9801053.74,Biotechnology: Electromedical & Electrotherapeutic Apparatus
559,ocowndleyfi@constantcontact.com,938-296-6060,,,Major Pharmaceuticals
560,,,,$40661016.73,Real Estate Investment Trusts
561,,,,,Biotechnology: Biological Products (No Diagnostic Substances)
562,mcescofl@spotify.com,735-871-8847,,,n/a
563,bpoluzzifm@netlog.com,982-943-6174,,,Major Banks
564,agonzalesfn@hostgator.com,248-603-1979,41800 Clarendon Lane,$81390970.81,n/a
565,,,40 Independence Court,,Precision Instruments
566,sianninifp@dot.gov,154-558-7074,,,Farming/Seeds/Milling
567,tbracerfq@pen.io,237-137-4728,,,Real Estate
568,,,,$54409513.82,n/a
569,sseeviourfs@walmart.com,113-410-4377,,,Professional Services
570,noneliganft@google.ca,666-295-1799,655 Elmside Junction,,Major Banks
571,bmanningfu@newyorker.com,313-542-6706,88027 Sullivan Lane,$2363757.92,Major Pharmaceuticals
572,bmcgallfv@unc.edu,408-817-0117,,,Steel/Iron Ore
573,emaylardfw@cornell.edu,797-180-6338,,,Restaurants
574,hrosevearfx@wsj.com,992-136-6289,,$82757498.70,n/a
575,,,21270 Ruskin Center,$41416751.74,Environmental Services
576,eockwellfz@linkedin.com,906-296-0172,53886 Larry Road,,n/a
577,lruckhardg0@samsung.com,442-299-4112,18 Talisman Park,,Air Freight/Delivery Services
578,gbleasdilleg1@java.com,302-712-8572,,,Major Banks
579,trigmandg2@yellowpages.com,245-296-4510,8 Killdeer Pass,,Auto Parts:O.E.M.
580,bwardingtong3@pen.io,799-191-9970,,,Automotive Aftermarket
581,,,,,n/a
582,,,,,n/a
583,ncorringhamg6@multiply.com,526-922-1669,48026 Susan Hill,,Real Estate Investment Trusts
584,,,6684 Eastwood Center,,Investment Managers
585,esteereg8@macromedia.com,664-189-2578,,,Telecommunications Equipment
586,,,883 Dennis Parkway,,n/a
587,zgovinlockga@angelfire.com,526-234-3075,18 Florence Place,,Computer Software: Prepackaged Software
588,ugianullogb@cdc.gov,848-413-7443,32526 Aberg Avenue,,Containers/Packaging
589,hrohlfinggc@harvard.edu,712-916-1559,,,Business Services
590,hrenforthgd@omniture.com,605-373-0036,83531 Welch Alley,,Real Estate Investment Trusts
591,tharvardge@godaddy.com,146-917-0233,,,n/a
592,abedomegf@fc2.com,977-447-7705,,$33021996.05,Other Specialty Stores
593,abettsgg@globo.com,307-551-8806,,,Real Estate Investment Trusts
594,carunowiczgh@europa.eu,490-466-8911,5 Hovde Circle,$66046597.21,Real Estate Investment Trusts
595,kardengi@hatena.ne.jp,849-359-6741,471 Bluejay Crossing,,Precious Metals
596,,,03025 Oxford Drive,$80818215.76,Other Consumer Services
597,bjouhninggk@marriott.com,640-143-3787,,,Finance: Consumer Services
598,mhalgarthgl@netlog.com,206-161-3934,,,Major Pharmaceuticals
599,verteltgm@live.com,720-321-1387,132 Killdeer Hill,,Computer Software: Prepackaged Software
600,mtorbeckgn@cisco.com,880-985-9969,7226 Vidon Avenue,,Radio And Television Broadcasting And Communications Equipment
601,sknowlysgo@ihg.com,525-330-0437,058 Northport Center,,EDP Services
602,,,6 Ridgeview Way,,Multi-Sector Companies
603,jkolodziejskigq@whitehouse.gov,829-831-7002,2 Pleasure Pass,,Marine Transportation
604,,,,$56074779.07,Electrical Products
605,mrawcliffegs@cornell.edu,582-702-6636,,,Investment Bankers/Brokers/Service
606,cscrauniagegt@bloglines.com,381-544-0543,90812 Myrtle Park,$37335609.11,Computer peripheral equipment
607,lgheraldigu@cocolog-nifty.com,427-396-1289,575 Bunker Hill Road,$63661360.73,Military/Government/Technical
608,vhuglingv@sphinn.com,330-178-8187,967 Northwestern Circle,$75167290.02,Major Banks
609,jjordinegw@nps.gov,589-317-7932,7866 Almo Terrace,,n/a
610,nspurdengx@sun.com,193-312-3218,,,Oil & Gas Production
611,mrenolsgy@netscape.com,747-639-4217,89421 Ludington Place,$68914216.42,Major Chemicals
612,fpennergz@php.net,291-599-5633,,$98132281.36,Telecommunications Equipment
613,tjeynesh0@sbwire.com,516-967-4207,231 Swallow Place,,Telecommunications Equipment
614,dputlandh1@gravatar.com,979-915-1233,,,Major Pharmaceuticals
615,,,43579 Fairview Plaza,$75195565.41,Major Pharmaceuticals
616,,,,,Major Banks
617,ebuggeh4@stumbleupon.com,626-385-1107,,,Major Pharmaceuticals
618,,,57 Hazelcrest Parkway,,Electrical Products
619,brallingh6@over-blog.com,265-709-7326,,,Books
620,,,,,Investment Bankers/Brokers/Service
621,kcowperthwaiteh8@google.com.br,134-664-9745,130 Farmco Center,,Multi-Sector Companies
622,nrubelh9@nasa.gov,593-711-8823,,,Packaged Foods
623,vleathersha@hexun.com,141-923-1397,,,Business Services
624,rstoilehb@google.pl,243-551-1515,54571 Columbus Alley,,Oil & Gas Production
625,ctriponyhc@icq.com,220-550-7211,,$79991342.35,Biotechnology: Biological Products (No Diagnostic Substances)
626,owhittickshd@xing.com,537-822-1257,,,Paper
627,pfraylinghe@yale.edu,196-120-6528,,,Major Banks
628,iheadingtonhf@pbs.org,700-544-1825,,$40969435.24,n/a
629,,,3 Center Center,,n/a
630,sfrostdickehh@shinystat.com,911-730-9157,,,Major Pharmaceuticals
631,,,4496 Hazelcrest Court,,Electronic Components
632,kdavidovitzhj@de.vu,172-191-0347,26145 Eastwood Trail,,Industrial Machinery/Components
633,msquibehk@columbia.edu,582-206-2495,5580 Riverside Court,,Other Specialty Stores
634,idomengethl@japanpost.jp,580-779-4632,6092 Rockefeller Park,,Business Services
635,hkrystofhm@springer.com,829-989-5145,173 Towne Court,,Aerospace
636,ntorrihn@cocolog-nifty.com,467-213-4521,20 Corben Parkway,,n/a
637,,,50 Graedel Lane,,Advertising
638,apattemorehp@google.it,787-400-7409,32792 Washington Plaza,,Hotels/Resorts
639,jdelahunthq@seesaa.net,676-410-6585,,,Oil & Gas Production
640,,,37 Upham Crossing,,Major Pharmaceuticals
641,awathellhs@foxnews.com,311-173-0391,,,Hotels/Resorts
642,,,,,Electronic Components
643,mtuffhu@vimeo.com,151-310-3107,,,Apparel
644,lbrownleahv@ifeng.com,472-863-4385,131 Grover Crossing,,Diversified Commercial Services
645,spiscopohw@godaddy.com,984-920-3275,5122 Merry Court,,Beverages (Production/Distribution)
646,bgoodhx@surveymonkey.com,940-231-4660,,,Building operators
647,egoldeshy@mail.ru,663-921-5115,,$62473454.95,Hotels/Resorts
648,,,,,n/a
649,vsandyfirthi0@vinaora.com,651-619-0612,418 Maple Hill,,Marine Transportation
650,felliffi1@aol.com,719-242-1782,672 Michigan Place,$2138016.53,Commercial Banks
651,jsimonnini2@reverbnation.com,690-229-4196,,,n/a
652,ccareti3@shinystat.com,110-352-1091,,,Major Banks
653,mcredlandi4@geocities.jp,325-634-8934,,$58193777.69,Radio And Television Broadcasting And Communications Equipment
654,hleversoni5@pagesperso-orange.fr,358-411-4180,194 Glacier Hill Pass,,Television Services
655,chryskiewiczi6@tripadvisor.com,414-302-0458,,,n/a
656,,,,,Advertising
657,jleclercqi8@dailymotion.com,762-863-1369,,,n/a
658,fmedhursti9@biblegateway.com,230-267-8973,89 Golf Way,,n/a
659,jchiswellia@nytimes.com,321-453-9884,3 Carioca Parkway,,Engineering & Construction
660,,,,$13355899.55,Other Consumer Services
661,amillwardic@xrea.com,234-509-8612,,$77863671.15,Semiconductors
662,nlentonid@spotify.com,570-274-6737,,,Business Services
663,apetrichatie@usgs.gov,637-217-2440,,,Real Estate Investment Trusts
664,rwastellif@go.com,677-144-8659,39 Longview Parkway,$79294642.28,Savings Institutions
665,ashortonig@opensource.org,320-551-0138,17886 Service Drive,,Property-Casualty Insurers
666,,,97721 Main Circle,,Farming/Seeds/Milling
667,fgaiterii@about.com,137-600-1698,,,Real Estate Investment Trusts
668,cabramamovij@unblog.fr,633-755-1901,,,Business Services
669,dhaylandsik@taobao.com,945-954-3880,,,Telecommunications Equipment
670,,,62574 Hermina Lane,,Computer Software: Prepackaged Software
671,ogrimsleyim@cafepress.com,299-673-3349,9 Fordem Park,,Building operators
672,mplumsteadin@ycombinator.com,790-795-7253,,,Auto Parts:O.E.M.
673,mmossdaleio@ezinearticles.com,684-919-4341,,,Biotechnology: Biological Products (No Diagnostic Substances)
674,lbuggip@jiathis.com,608-682-6137,101 American Hill,,Water Supply
675,jcudbertsoniq@go.com,908-558-9706,4768 Evergreen Pass,,n/a
676,,,,,Other Pharmaceuticals
677,,,79 La Follette Street,$60445764.09,n/a
678,mdraceyit@creativecommons.org,328-981-0473,300 Marcy Point,,Major Banks
679,bloyiu@shareasale.com,351-484-6745,,,Electrical Products
680,elowelliv@bigcartel.com,495-372-3652,4 Glendale Center,,Electric Utilities: Central
681,,,,,Beverages (Production/Distribution)
682,cfinderix@mediafire.com,300-156-3175,0 Troy Lane,$76821614.49,Other Consumer Services
683,fjochananyiy@nytimes.com,864-206-4119,,,Major Banks
684,bbonafantiz@tumblr.com,283-150-1976,347 Glacier Hill Hill,,Savings Institutions
685,cwalklettj0@imdb.com,525-215-6696,,,Semiconductors
686,adeverickj1@macromedia.com,353-368-4012,,,Beverages (Production/Distribution)
687,,,8869 Paget Hill,,Metal Fabrications
688,hdyj3@craigslist.org,575-903-3542,,$30026349.30,n/a
689,,,,,n/a
690,amarteletj5@cnbc.com,341-241-3923,9085 Kedzie Parkway,,n/a
691,,,,,Marine Transportation
692,srandlej7@squidoo.com,494-593-1570,352 Arkansas Lane,,Major Banks
693,gsloanj8@loc.gov,692-196-6027,617 Melody Plaza,,Advertising
694,dvandendaelj9@cloudflare.com,760-712-1251,7 Tennessee Junction,,n/a
695,,,593 Schmedeman Plaza,,Investment Managers
696,weddyjb@cnet.com,281-658-0937,,,Major Banks
697,lmccawleyjc@dailymotion.com,755-551-0619,,,Metal Fabrications
698,ecancottjd@360.cn,236-695-4569,883 Mitchell Alley,,Industrial Machinery/Components
699,lmuzzolloje@omniture.com,287-375-2630,,,Medical/Dental Instruments
700,,,52247 Summerview Center,,Industrial Specialties
701,aelderkinjg@goodreads.com,437-497-0456,69524 Main Street,,Auto Parts:O.E.M.
702,cdurrancejh@mapquest.com,943-238-5473,,,Finance: Consumer Services
703,,,,$37958839.50,Consumer Specialties
704,oatkinsonjj@cdc.gov,445-431-9669,,$21414059.50,Major Pharmaceuticals
705,ddrowsfieldjk@china.com.cn,804-162-7019,76 Carpenter Parkway,,n/a
706,jhanbridgejl@csmonitor.com,735-679-8392,,,Shoe Manufacturing
707,ddonovinjm@webnode.com,882-489-9306,6541 South Hill,,Precious Metals
708,flambshinejn@zdnet.com,192-124-0785,,,Major Pharmaceuticals
709,elacejo@shareasale.com,120-391-3499,,,n/a
710,,,301 Myrtle Drive,$37722302.58,Oil & Gas Production
711,nkieransjq@about.me,512-617-0528,4960 Carpenter Junction,,Electronic Components
712,peddowesjr@cpanel.net,100-818-9041,2 Express Junction,,Industrial Machinery/Components
713,bthirwelljs@tmall.com,574-385-7845,00 Banding Hill,,Major Banks
714,zfrenzljt@cbslocal.com,608-469-4657,,$81869251.82,Restaurants
715,bcrittalju@cbslocal.com,286-928-4633,153 Eastlawn Avenue,$3300980.15,n/a
716,spullinjv@gravatar.com,788-757-9539,,,Savings Institutions
717,gwratesjw@w3.org,186-768-3827,149 Northwestern Terrace,,n/a
718,rscoylesjx@shop-pro.jp,536-101-1737,,,Property-Casualty Insurers
719,,,,,Major Pharmaceuticals
720,lrueggjz@godaddy.com,458-239-2987,641 Weeping Birch Place,$38491931.68,n/a
721,,,,,Commercial Banks
722,pleprevostk1@goodreads.com,409-461-6958,,,n/a
723,bklemenzk2@list-manage.com,448-892-1631,0964 Buhler Point,,Computer Software: Prepackaged Software
724,cluetkemeyersk3@sfgate.com,465-443-4162,6152 Briar Crest Place,,Major Pharmaceuticals
725,kfeatherstonhaughk4@earthlink.net,299-735-0602,60135 Sherman Terrace,,n/a
726,cbirckmannk5@surveymonkey.com,997-550-3750,,,Multi-Sector Companies
727,,,,,Major Banks
728,,,,$66130603.97,Major Banks
729,hjehaesk8@jimdo.com,402-835-5500,,,Farming/Seeds/Milling
730,shatfieldk9@uiuc.edu,968-859-7128,78733 Ryan Park,,n/a
731,,,,,Medical/Dental Instruments
732,rnortonkb@scientificamerican.com,482-125-7711,,$43202417.38,Oil/Gas Transmission
733,sperviewkc@de.vu,863-495-2231,67998 Farwell Alley,,Major Chemicals
734,mmencikd@house.gov,529-267-1218,9 Evergreen Alley,,Major Pharmaceuticals
735,aduddingke@canalblog.com,360-266-2921,,,Major Banks
736,fmarsterskf@arizona.edu,602-621-6739,2 Ryan Avenue,,Industrial Specialties
737,fmaileykg@google.it,215-981-4175,5495 Pleasure Pass,,Major Pharmaceuticals
738,mspracklingkh@wordpress.org,530-732-1683,56 Grayhawk Parkway,,Computer Software: Prepackaged Software
739,,,7 Glendale Lane,,Clothing/Shoe/Accessory Stores
740,abindenkj@hao123.com,249-939-2047,81970 Anzinger Circle,,Wholesale Distributors
741,fcormackkk@abc.net.au,104-843-4711,,,Computer Manufacturing
742,froleskl@toplist.cz,112-186-1889,,,Biotechnology: Biological Products (No Diagnostic Substances)
743,,,,,Restaurants
744,amcgeraghtykn@github.com,162-565-3098,653 Schurz Lane,,Major Pharmaceuticals
745,hmcconvilleko@icq.com,429-714-5000,,,EDP Services
746,bkrojnkp@gnu.org,372-415-7361,,$10932933.54,Electric Utilities: Central
747,thambrickq@sina.com.cn,895-992-2672,181 Hanson Alley,,EDP Services
748,kguinnkr@istockphoto.com,649-546-4604,253 Russell Court,,n/a
749,abernardesks@wp.com,528-850-7114,,$54484603.66,Computer Manufacturing
750,mpetkovkt@pen.io,687-341-3919,,$42695102.53,n/a
751,,,,,Apparel
752,amillionskv@miibeian.gov.cn,460-639-8708,827 Express Junction,$14109448.41,Major Pharmaceuticals
753,,,,,Natural Gas Distribution
754,mjenkinkx@addthis.com,996-287-7408,,,Medical/Nursing Services
755,rdanforthky@addthis.com,943-609-5669,3637 5th Hill,,Computer Software: Prepackaged Software
756,yhoovartkz@loc.gov,559-187-2981,983 Northridge Road,,Semiconductors
757,lfullstonel0@washingtonpost.com,304-905-0878,,$34652981.88,Advertising
758,bdutchl1@mit.edu,100-173-1062,44 Dottie Street,,n/a
759,,,,$60082369.47,Telecommunications Equipment
760,mmatisl3@patch.com,193-581-7894,,,Investment Managers
761,omarial4@seattletimes.com,567-548-1339,,,n/a
762,mcaselyl5@nydailynews.com,762-552-1270,,,n/a
763,bhathwoodl6@mit.edu,239-478-2227,09 Grasskamp Plaza,,Oil & Gas Production
764,,,,,Newspapers/Magazines
765,dhawkinl8@google.de,865-321-7717,,$87504850.62,Power Generation
766,mhuetl9@lycos.com,653-248-0157,,,Natural Gas Distribution
767,,,,,n/a
768,acranstonelb@slashdot.org,918-975-9237,59042 Springview Court,$34877824.02,Radio And Television Broadcasting And Communications Equipment
769,msimoneschilc@usda.gov,885-664-9988,3 Dunning Point,,Multi-Sector Companies
770,frippinld@infoseek.co.jp,984-191-2597,5996 Glendale Parkway,,Telecommunications Equipment
771,wizattle@nytimes.com,886-311-7213,,,Industrial Machinery/Components
772,gpiscopellolf@sohu.com,746-155-7156,,,Oil & Gas Production
773,tcarrattlg@biblegateway.com,270-327-7487,,,n/a
774,ckamenlh@msu.edu,392-272-0115,,$10043553.76,Property-Casualty Insurers
775,bbernardellili@nps.gov,630-119-1107,0993 School Trail,,n/a
776,tsammondslj@slashdot.org,277-875-0737,80659 Bowman Way,,Clothing/Shoe/Accessory Stores
777,,,88641 Marcy Point,$9217684.05,Medical/Dental Instruments
778,cbortolottill@webnode.com,979-206-1406,784 Manufacturers Terrace,$52472125.57,Life Insurance
779,,,04 Clemons Drive,,Commercial Banks
780,cbirthln@creativecommons.org,588-301-7761,,,Real Estate Investment Trusts
781,deglinlo@abc.net.au,860-348-7709,,,Major Chemicals
782,blepardlp@hexun.com,146-530-0646,01894 Golden Leaf Parkway,$76103463.70,Marine Transportation
783,gscotchmoorlq@g.co,132-221-7735,,,n/a
784,isleafordlr@w3.org,421-976-4809,80 Thackeray Park,,Major Pharmaceuticals
785,cscourgels@cmu.edu,324-619-0743,29 Dunning Lane,,Medical/Dental Instruments
786,tglasnerlt@merriam-webster.com,718-543-8454,639 La Follette Street,,n/a
787,kchestnutlu@dedecms.com,700-799-0428,,,Biotechnology: Electromedical & Electrotherapeutic Apparatus
788,ssparhawklv@google.ru,543-615-6672,19 Thackeray Alley,,Auto Parts:O.E.M.
789,hgerhartzlw@virginia.edu,179-789-1698,2 3rd Court,,n/a
790,cfallalx@unicef.org,380-247-5255,5842 Marcy Pass,,n/a
791,hmatously@deliciousdays.com,830-563-4545,9 Waxwing Trail,,Home Furnishings
792,egyleslz@independent.co.uk,280-797-4465,,,Industrial Machinery/Components
793,stobiasm0@dailymotion.com,215-167-1023,,,Meat/Poultry/Fish
794,,,,,Beverages (Production/Distribution)
795,,,6679 Fairview Point,,Aluminum
796,,,,,Computer Manufacturing
797,,,,,n/a
798,hsillwoodm5@state.gov,586-540-2346,586 Spenser Trail,$33683853.15,n/a
799,sjansensm6@unc.edu,355-413-6256,501 Lillian Way,,Major Banks
800,,,,,n/a
801,mmalem8@blinklist.com,342-754-3285,3395 Badeau Pass,$35540377.15,Telecommunications Equipment
802,,,36 Moland Street,,Biotechnology: Biological Products (No Diagnostic Substances)
803,dstellima@zdnet.com,267-549-5923,,,n/a
804,mburkertmb@ox.ac.uk,716-952-9958,614 Butterfield Circle,$91809742.73,Semiconductors
805,waddsmc@xinhuanet.com,609-941-9703,,$26890611.25,Major Pharmaceuticals
806,doswaldmd@answers.com,121-978-7391,05 Eagle Crest Center,,Computer Software: Prepackaged Software
807,,,27 Colorado Drive,,Electric Utilities: Central
808,rjoulesmf@irs.gov,260-393-8950,,,Medical/Dental Instruments
809,psymondsmg@nsw.gov.au,754-351-4666,9486 Hollow Ridge Circle,$59119363.10,Power Generation
810,amarjanovicmh@sphinn.com,779-256-3815,,,Aerospace
811,,,,$97440073.91,Real Estate Investment Trusts
812,bandraschmj@skype.com,250-675-9151,9354 Wayridge Street,,Commercial Banks
813,sbohlensmk@cisco.com,353-366-1739,66568 Summit Center,,Containers/Packaging
814,efaustianml@umich.edu,964-739-8362,55 Crownhardt Terrace,,EDP Services
815,knottlemm@home.pl,868-182-5006,,,Specialty Insurers
816,mbolgermn@blogtalkradio.com,374-524-3218,41532 Sutherland Parkway,$59679751.37,Oil & Gas Production
817,bmacmanusmo@cocolog-nifty.com,933-887-4935,66 Forest Dale Point,,Property-Casualty Insurers
818,athornmp@twitter.com,934-720-5055,05 Mallory Junction,,RETAIL: Building Materials
819,eriggottmq@answers.com,237-663-8982,,,Steel/Iron Ore
820,cflintiffmr@cmu.edu,383-349-1699,,,Electric Utilities: Central
821,byarrowms@hao123.com,217-412-0684,4 Boyd Center,,Business Services
822,mdimitrescomt@mediafire.com,747-934-8618,,,Marine Transportation
823,vsperwellmu@parallels.com,793-344-0674,,,n/a
824,,,60196 John Wall Court,$60003005.50,Computer Software: Prepackaged Software
825,,,,,Automotive Aftermarket
826,,,3 Swallow Alley,,Computer peripheral equipment
827,bwittonmy@free.fr,625-233-3354,1 Saint Paul Center,,EDP Services
828,,,83 Swallow Point,,Automotive Aftermarket
829,,,8 Esker Place,,Finance: Consumer Services
830,csassern1@macromedia.com,607-430-3347,14056 Bowman Drive,,n/a
831,dpoeln2@nationalgeographic.com,744-207-0396,,,Medical/Dental Instruments
832,,,,,n/a
833,,,,,Containers/Packaging
834,jhugnotn5@newsvine.com,161-629-8500,9 Colorado Court,,Computer Software: Prepackaged Software
835,,,,,Packaged Foods
836,tdorceyn7@arstechnica.com,548-159-8219,547 5th Terrace,,Major Pharmaceuticals
837,vwaddicorn8@desdev.cn,380-451-0214,,,Biotechnology: Biological Products (No Diagnostic Substances)
838,bcheyneyn9@simplemachines.org,191-166-7868,29240 Warbler Circle,,Business Services
839,,,,$91898517.80,Computer Software: Prepackaged Software
840,ecaylenb@cbsnews.com,786-889-2232,7 Havey Place,,"Computer Software: Programming, Data Processing"
841,,,,$62901731.18,n/a
842,,,8 Ruskin Drive,$35343854.17,Computer Software: Prepackaged Software
843,dfairbairnne@4shared.com,487-981-9632,,$89063681.54,Medical/Dental Instruments
844,,,,,Real Estate Investment Trusts
845,jfrantzening@opera.com,844-612-4575,5173 Bultman Court,,Business Services
846,mrisomnh@phoca.cz,868-836-1374,3 Clove Hill,$85097403.39,Real Estate Investment Trusts
847,cbreakeyni@macromedia.com,107-900-8499,08850 Mcbride Point,,Industrial Specialties
848,jhebbronnj@bloglines.com,138-876-4763,4578 Colorado Street,,Marine Transportation
849,,,,$85215161.43,n/a
850,hlympenienl@umn.edu,721-198-6355,,,n/a
851,kmelchiornm@myspace.com,964-486-8085,233 Ronald Regan Way,,Biotechnology: Commercial Physical & Biological Resarch
852,aborrienn@sitemeter.com,562-550-9989,3879 Rutledge Circle,$33558726.96,Business Services
853,mslideno@trellian.com,735-455-3853,,,Power Generation
854,kdefewnp@bizjournals.com,223-100-1990,83 Glendale Park,,n/a
855,bleahynq@nbcnews.com,259-350-7791,2 Holmberg Terrace,,Diversified Commercial Services
856,apeatnr@cdbaby.com,725-822-5678,,,Water Supply
857,cdelians@php.net,823-529-7870,967 Arkansas Place,,n/a
858,adroogannt@cyberchimps.com,588-327-8521,2 Oak Pass,,Hotels/Resorts
859,mscoreynu@tinyurl.com,747-987-5182,8072 Hudson Lane,,Telecommunications Equipment
860,cgeronv@creativecommons.org,294-461-7352,,,n/a
861,,,,$44540379.65,Industrial Machinery/Components
862,lilyuchyovnx@blinklist.com,392-548-1933,,,Automotive Aftermarket
863,dbladesny@wikispaces.com,931-775-7917,,$17935048.30,Accident &Health Insurance
864,tfredynz@vkontakte.ru,642-214-5624,5 Oneill Junction,,Pollution Control Equipment
865,jtwinborougho0@discuz.net,206-111-4136,67 American Ash Trail,,Major Banks
866,iwarriero1@ow.ly,852-467-0004,815 Mariners Cove Plaza,,Investment Bankers/Brokers/Service
867,,,,,EDP Services
868,mtuero3@foxnews.com,565-722-9792,,,Real Estate Investment Trusts
869,,,0 Vera Court,,Recreational Products/Toys
870,psuffo5@xinhuanet.com,922-729-1934,,,Radio And Television Broadcasting And Communications Equipment
871,obeadeso6@weebly.com,163-446-3345,01 Sycamore Alley,,Banks
872,ldeakino7@dailymail.co.uk,934-982-7573,59 Carioca Lane,,Restaurants
873,ctwallino8@histats.com,887-260-2108,19311 Anniversary Plaza,$11573084.90,Major Banks
874,ariccardio9@nytimes.com,840-637-9637,,,n/a
875,ldennettoa@soundcloud.com,768-325-2624,3820 Sugar Court,,Major Banks
876,wroughob@huffingtonpost.com,530-581-7654,06783 Old Gate Drive,,n/a
877,fbunclarkoc@mail.ru,383-290-8504,,,Commercial Banks
878,,,449 Coleman Terrace,,n/a
879,mmacparlandoe@blinklist.com,883-313-7355,0757 Upham Alley,,Home Furnishings
880,kcutcheeof@networkadvertising.org,537-719-9164,3601 Eastwood Park,$76753910.45,Electric Utilities: Central
881,athiemeog@japanpost.jp,959-734-9085,,$16995786.95,n/a
882,dottewilloh@tumblr.com,338-925-1420,1 Hazelcrest Hill,,Major Banks
883,iharefootoi@statcounter.com,333-495-5860,,$80567840.26,Major Pharmaceuticals
884,,,,,Business Services
885,hmohanok@illinois.edu,662-340-7107,54168 Nevada Hill,,Major Pharmaceuticals
886,,,25 Huxley Drive,,n/a
887,ebaldackom@dot.gov,408-316-8769,,,Homebuilding
888,degellon@drupal.org,850-403-1951,1955 Kipling Park,,Telecommunications Equipment
889,twybourneoo@toplist.cz,374-692-5137,,,n/a
890,astaleyop@google.ru,605-868-1812,22727 6th Terrace,,Savings Institutions
891,trichtoq@wsj.com,768-737-6138,5 Dovetail Crossing,,Real Estate Investment Trusts
892,kchoulesor@youtube.com,744-942-0204,,,Telecommunications Equipment
893,mgaymaros@newyorker.com,989-486-1528,,,n/a
894,swychot@slashdot.org,428-896-6251,,$90501494.65,Marine Transportation
895,tchaddockou@ft.com,386-575-2007,,$35393791.12,Hotels/Resorts
896,ajacklinov@ibm.com,119-262-3760,,$13139017.09,n/a
897,,,92715 Oneill Trail,$70450802.74,Investment Bankers/Brokers/Service
898,dparsonsox@ted.com,196-350-6031,,,n/a
899,cgarroldoy@pcworld.com,320-320-8402,84218 Monument Way,,Precious Metals
900,kyeldoz@army.mil,799-224-0319,55088 Nova Lane,,Medical/Nursing Services
901,ggoldbournp0@gravatar.com,681-491-7871,,,Real Estate Investment Trusts
902,kcraykerp1@bloglovin.com,557-437-1763,5 Dahle Court,$3058047.33,n/a
903,akinnardp2@europa.eu,684-202-5803,,,n/a
904,blohdep3@usatoday.com,342-167-0068,88894 Calypso Way,,Publishing
905,,,61 Mariners Cove Alley,$82882595.49,Industrial Machinery/Components
906,,,38 8th Junction,,Savings Institutions
907,nseargeantp6@google.com.au,772-911-6171,,$10015516.78,Paper
908,,,2 Esch Crossing,,Beverages (Production/Distribution)
909,avlasovp8@xing.com,917-804-0771,363 Badeau Lane,,Industrial Machinery/Components
910,ehindsbergp9@ning.com,793-621-5046,903 Corben Center,,n/a
911,emulhillpa@narod.ru,502-432-8905,325 Kropf Junction,,Oil & Gas Production
912,,,,,Clothing/Shoe/Accessory Stores
913,gkhominpc@bloomberg.com,368-849-0601,3 Hallows Drive,,Industrial Machinery/Components
914,bbrevittpd@paginegialle.it,697-244-2694,,$74107204.38,Real Estate Investment Trusts
915,ltrevorrowpe@theglobeandmail.com,862-870-6509,0 Chinook Way,$10081306.30,Major Banks
916,wloadespf@scientificamerican.com,882-230-4123,79 Fallview Circle,,Diversified Electronic Products
917,abolwellpg@paypal.com,605-746-1411,,$12302472.50,Other Consumer Services
918,mjonahph@tripod.com,617-811-7167,10807 Susan Park,,Diversified Commercial Services
919,uverbruggenpi@google.co.uk,891-902-4151,52 Annamark Parkway,$67202212.74,Oil Refining/Marketing
920,tovellpj@reverbnation.com,609-188-2457,,,Coal Mining
921,kharesignpk@a8.net,602-284-6001,6 5th Avenue,,Telecommunications Equipment
922,ttumeltypl@desdev.cn,611-538-4572,8142 Southridge Crossing,$72844304.77,Home Furnishings
923,vdubarrypm@europa.eu,926-123-4021,66 Twin Pines Point,,Semiconductors
924,,,,,n/a
925,,,43692 School Trail,,Specialty Insurers
926,,,,,Semiconductors
927,,,9284 Mallory Trail,$3913202.66,Investment Bankers/Brokers/Service
928,,,,,Major Banks
929,dstidworthyps@oaic.gov.au,104-678-8794,4 Orin Center,,Biotechnology: Biological Products (No Diagnostic Substances)
930,easeefpt@ebay.co.uk,153-569-5445,,,n/a
931,,,,,Real Estate Investment Trusts
932,jjakabpv@vk.com,946-250-5562,17 Lakewood Street,,Building Products
933,laronowiczpw@cbc.ca,842-590-1983,67572 Pepper Wood Point,,Home Furnishings
934,,,60507 Pierstorff Way,,EDP Services
935,,,8 Melby Way,,Electric Utilities: Central
936,kmerridaypz@ow.ly,202-297-7166,0 West Street,,n/a
937,rfilipsonq0@sogou.com,518-691-6369,7 Eggendart Avenue,,Other Consumer Services
938,,,,,n/a
939,efridayq2@newsvine.com,936-976-9930,4919 Pearson Circle,,Semiconductors
940,lmethringhamq3@seattletimes.com,526-549-2018,,$21462658.95,Major Pharmaceuticals
941,ncammellq4@barnesandnoble.com,390-724-4763,,$93180262.81,Biotechnology: In Vitro & In Vivo Diagnostic Substances
942,tcazeq5@tiny.cc,611-360-9298,1 Lukken Hill,,n/a
943,scansdellq6@usgs.gov,400-181-7394,,$42718150.85,n/a
944,,,2976 Myrtle Alley,,Business Services
945,,,,$67848764.88,Apparel
946,jwellbankq9@livejournal.com,375-626-9811,,,Other Specialty Stores
947,aallportqa@sina.com.cn,145-566-4351,20521 Norway Maple Parkway,$91338598.02,n/a
948,hsansonqb@fc2.com,754-934-6451,,,Major Banks
949,gcottaqc@wikimedia.org,256-336-7899,62 Kensington Pass,,Industrial Machinery/Components
950,,,51 Burning Wood Court,,n/a
951,ckohnertqe@meetup.com,611-725-3474,3 Weeping Birch Center,,Coal Mining
952,dminichilloqf@usda.gov,323-512-5361,,,Restaurants
953,,,,,Computer Software: Prepackaged Software
954,,,818 Waywood Place,,Business Services
955,,,,,n/a
956,kjirikqj@nasa.gov,473-973-9367,,,n/a
957,ilegierqk@amazon.de,498-937-6690,8514 Kinsman Plaza,$15365568.66,Electronic Components
958,aegdalql@privacy.gov.au,369-767-0330,78564 Prairie Rose Plaza,,Apparel
959,,,,,RETAIL: Building Materials
960,,,121 Schmedeman Road,,Semiconductors
961,,,92592 Linden Point,,n/a
962,,,,,Semiconductors
963,slaylandqq@economist.com,700-324-4839,5 Springview Terrace,,Major Banks
964,gcronkshawqr@163.com,227-133-8095,,,Industrial Specialties
965,ifrowingqs@google.com.au,498-590-8248,,,n/a
966,pisgateqt@bing.com,533-650-0962,70 Rockefeller Drive,$99496434.93,n/a
967,mdoigqu@businesswire.com,258-855-2272,9 Roxbury Street,$90745244.53,Major Banks
968,mbutchardqv@mediafire.com,917-671-2581,,,n/a
969,,,56 Bellgrove Plaza,,Industrial Machinery/Components
970,mellowayqx@apache.org,492-277-6650,,$93362054.26,Home Furnishings
971,,,95512 Sullivan Parkway,$2882475.96,Biotechnology: In Vitro & In Vivo Diagnostic Substances
972,lpalfreymanqz@bravesites.com,607-896-9011,,,Broadcasting
973,,,72 Rutledge Street,,Major Pharmaceuticals
974,jcottillr1@zdnet.com,797-225-3428,,,Biotechnology: In Vitro & In Vivo Diagnostic Substances
975,tanstier2@hhs.gov,340-209-8251,8029 Paget Pass,,Other Consumer Services
976,,,40673 Becker Drive,,Auto Parts:O.E.M.
977,lcrosterr4@over-blog.com,196-671-2734,535 Northport Parkway,,n/a
978,evillar5@npr.org,259-592-6857,82 Dexter Avenue,,Major Pharmaceuticals
979,,,,,Real Estate
980,ytakkosr7@php.net,678-987-5657,,,n/a
981,,,37 Di Loreto Park,,Investment Managers
982,,,039 Vera Place,$69522342.51,Real Estate
983,,,,,n/a
984,,,45 Tennessee Way,$67436334.00,Industrial Machinery/Components
985,ateodororc@ed.gov,486-603-9264,46 Ludington Lane,,Hotels/Resorts
986,shoverrd@noaa.gov,453-342-7043,8815 Amoth Crossing,,Major Pharmaceuticals
987,,,3 Declaration Hill,,Oil & Gas Production
988,sreaperf@harvard.edu,401-350-1869,42885 Helena Way,$94446180.98,n/a
989,,,3250 Thompson Junction,$98951986.24,Containers/Packaging
990,rhawtryrh@ezinearticles.com,676-550-7813,,$69619404.70,Oil & Gas Production
991,,,,,n/a
992,kaikenrj@prweb.com,872-221-5364,9 Schmedeman Circle,,Oil & Gas Production
993,sivyrk@spiegel.de,624-370-2429,,$10333115.17,n/a
994,wledrunrl@infoseek.co.jp,316-679-4105,1 Novick Circle,,n/a
995,gdalglieshrm@wordpress.org,137-832-0773,,,Clothing/Shoe/Accessory Stores
996,forwinrn@ow.ly,841-112-4419,,,Real Estate Investment Trusts
997,vcornsro@wikipedia.org,859-242-9602,24 Oak Valley Avenue,,Major Pharmaceuticals
998,mfooterrp@networkadvertising.org,540-835-9588,,,Broadcasting
999,phastonrq@irs.gov,400-464-3533,,$77465070.88,Major Pharmaceuticals
1000,cbilbeyrr@wikispaces.com,253-242-8325,,,Computer Software: Prepackaged Software
